"scenario_id","wetland_grassland","horticulture","cropland","mineral_bare_soil","dense_woodland","open_woodland","grassland","urban","water"
"59",0.0846565067768097,0.0405310578644276,0.229004338383675,0.127282217144966,0.0705504417419434,0.264178961515427,0.15619458258152,0.0237126667052507,0.00388925662264228
"60",0.191983580589294,0.0334078744053841,0.136927857995033,0.0686069801449776,0.0661848485469818,0.281830936670303,0.156980857253075,0.0511250421404839,0.0129520650953054
"61",0.0414340458810329,0.0208108890801668,0.232319891452789,0.0225617382675409,0.167593762278557,0.325718551874161,0.164431288838387,0.0146087361499667,0.0105211222544312
"62",0.147342681884766,0.031524870544672,0.177935495972633,0.0159219522029161,0.0882949903607368,0.331387102603912,0.18689338862896,0.00672509334981441,0.013974423520267
"63",0.161498457193375,0.0321003198623657,0.198339536786079,0.0137355905026197,0.0967571809887886,0.246438980102539,0.224489063024521,0.0127464802935719,0.0138944098725915
"64",0.177573010325432,0.0247872676700354,0.201653853058815,0.00390620389953256,0.0260863900184631,0.261091262102127,0.298249691724777,0.00605652527883649,0.000595844991039485
"75",0.0234687943011522,0.0499809496104717,0.259729444980621,0.0130864307284355,0.146237730979919,0.184008687734604,0.305278390645981,0.016926608979702,0.00128303410019726
"76",0.059809360653162,0.028498362749815,0.158787742257118,0.0526739805936813,0.12578496336937,0.45865398645401,0.0912234708666801,0.0133554814383388,0.011212719604373
"77",0.0382363758981228,0.0290867630392313,0.213941782712936,0.110239297151566,0.163240566849709,0.297927796840668,0.131170988082886,0.010407455265522,0.00574902864173055
"78",0.122087985277176,0.0407442152500153,0.215627238154411,0.0237528495490551,0.0617310553789139,0.356803596019745,0.158166617155075,0.0210864841938019,0
"79",0.152515456080437,0.0440078191459179,0.317280858755112,0.00403248984366655,0.0657067000865936,0.130507826805115,0.261622548103333,0.0242902245372534,3.61118181899656e-05
"80",0.0719224512577057,0.0650239586830139,0.299818694591522,0.0148143116384745,0.0944429636001587,0.161308526992798,0.261762380599976,0.0190582349896431,0.011848546564579
"81",0.0734631344676018,0.0256167352199554,0.30018076300621,0.012046373449266,0.0717882513999939,0.215145274996758,0.273954629898071,0.0102182412520051,0.0175866391509771
"82",0.0825590267777443,0.0147837996482849,0.116622157394886,0.0279858354479074,0.0557540766894817,0.499052882194519,0.188695564866066,0.00224028830416501,0.0123063968494534
"92",0.00654444890096784,0.0205791853368282,0.189940601587296,0.0264603700488806,0.379074990749359,0.219813704490662,0.145394966006279,0.00786720402538776,0.00432457961142063
"93",0.00723038660362363,0.0247029513120651,0.236993700265884,0.00317004323005676,0.268507450819016,0.264836221933365,0.18726934492588,0.00680243037641048,0.000487509532831609
"94",0.038786057382822,0.0770434588193893,0.306937694549561,0.0239411257207394,0.115040250122547,0.249454110860825,0.169097825884819,0.0139407152310014,0.00575877027586102
"95",0.0405394844710827,0.017861058935523,0.141295790672302,0.0177699979394674,0.357939034700394,0.300505310297012,0.113695107400417,0.00918353535234928,0.00121072784531862
"96",0.127197191119194,0.0334918275475502,0.185421988368034,0.011365975253284,0.0283221304416656,0.35458967089653,0.216100066900253,0.0435112044215202,0
"97",0.196439519524574,0.0449089035391808,0.236502826213837,0.0108367465436459,0.0817897841334343,0.263113588094711,0.141354784369469,0.0249455478042364,0.000108335450931918
"98",0.168517261743546,0.0520911701023579,0.261646926403046,0.0119990771636367,0.0476645827293396,0.150111213326454,0.258945107460022,0.0487177260220051,0.00030695044551976
"99",0.137042298913002,0.100128807127476,0.220252707600594,0.0440675690770149,0.0538802556693554,0.135595664381981,0.292344748973846,0.0165639203041792,0.000124044294352643
"100",0.0834863558411598,0.0317367203533649,0.310339599847794,0.021775821223855,0.0323248468339443,0.105126298964024,0.396214514970779,0.00600455934181809,0.0129913100972772
"101",0.0925060883164406,0.0282000526785851,0.220553427934647,0.0419795475900173,0.0345113351941109,0.281258672475815,0.291178941726685,0.00169778859708458,0.00811416748911142
"110",0.0637527704238892,0.0196660105139017,0.259682089090347,0.00432301918044686,0.247931554913521,0.214270159602165,0.183251783251762,0.00407120818272233,0.00305144861340523
"111",0.0840902328491211,0.0312507413327694,0.23780345916748,0.00750463921576738,0.271201103925705,0.179573222994804,0.177176281809807,0.011201717890799,0.0001986150018638
"112",0.130528911948204,0.0380294397473335,0.231631755828857,0.013730444945395,0.231840327382088,0.218723341822624,0.125580817461014,0.00966580025851727,0.000269202049821615
"113",0.0395114980638027,0.0357171818614006,0.210897207260132,0.0174209494143724,0.108211047947407,0.453873574733734,0.110737629234791,0.0235406514257193,9.02795436559245e-05
"114",0.147357568144798,0.0357411801815033,0.221182748675346,0.0144503703340888,0.0513874404132366,0.280853539705276,0.214833542704582,0.0341936498880386,0
"115",0.096039667725563,0.0492452494800091,0.378554135560989,0.0539555698633194,0.0397700481116772,0.105447523295879,0.221905902028084,0.0468268655240536,0.00825507845729589
"116",0.118321545422077,0.0964078977704048,0.338595747947693,0.0395164713263512,0.033458486199379,0.0727255567908287,0.232805833220482,0.0679698586463928,0.0001986150018638
"117",0.0871754288673401,0.0899498760700226,0.233902975916862,0.20952008664608,0.0802873969078064,0.0845274478197098,0.1970404535532,0.0168019197881222,0.0007944600074552
"118",0.158600687980652,0.0337231755256653,0.224218115210533,0.0215487126260996,0.0309911128133535,0.171208932995796,0.356612741947174,0.00309656281024218,0
"119",0.124926492571831,0.0102247381582856,0.153043299913406,0.0210635513067245,0.156779557466507,0.407185018062592,0.106941498816013,0.00187738239765167,0.0179585088044405
"128",0.321960389614105,0.0114845931529999,0.211535274982452,0.007679448928684,0.0964786261320114,0.143845990300179,0.200647473335266,0.003641820512712,0.00272644218057394
"129",0.0896998271346092,0.0394538007676601,0.271541327238083,0.0419774763286114,0.148796901106834,0.125998392701149,0.252626925706863,0.0299053937196732,0
"130",0.0903629809617996,0.0194215849041939,0.198392540216446,0.00672664446756244,0.316466897726059,0.288561552762985,0.0765035226941109,0.00356425414793193,0
"131",0.0111406268551946,0.0306763257831335,0.233261168003082,0.0699869021773338,0.133333742618561,0.442961841821671,0.0575092658400536,0.0207871105521917,0.000343062274623662
"132",0.08269003033638,0.0496321879327297,0.188503995537758,0.0330825820565224,0.0613033771514893,0.321000277996063,0.245466500520706,0.0183210950344801,0
"133",0.0355972163379192,0.0530281253159046,0.28962367773056,0.0722256079316139,0.091900572180748,0.18163737654686,0.224848687648773,0.0510845892131329,5.41677254659589e-05
"134",0.00768826808780432,0.0268655214458704,0.285578399896622,0.0732791423797607,0.11309752613306,0.222554683685303,0.221081227064133,0.0363743528723717,0.0134809324517846
"137",0.175455167889595,0.0209413450211287,0.201958283782005,0.0264810528606176,0.183635115623474,0.224372357130051,0.146860465407372,0.00923562236130238,0.0110606048256159
"138",0.0940408632159233,0.0127889104187489,0.105601489543915,0.0247115809470415,0.176103547215462,0.477240681648254,0.0927625820040703,0.000740191200748086,0.0160101894289255
"146",0.0694407373666763,0.0588244013488293,0.236913204193115,0.0689094141125679,0.107080794870853,0.224214524030685,0.223062142729759,0.0110562201589346,0.000498595938552171
"147",0.111121594905853,0.0431880429387093,0.296405017375946,0.0139659605920315,0.0729274526238441,0.248075023293495,0.199757277965546,0.0145332477986813,2.64235422946513e-05
"148",0.0479195788502693,0.0305635258555412,0.249356508255005,0.0164146367460489,0.138981431722641,0.398072749376297,0.0998117253184319,0.0186435244977474,0.00023636341211386
"149",0.0434351824223995,0.0545076578855515,0.23261821269989,0.0189271867275238,0.168324083089828,0.327160626649857,0.130931258201599,0.0240958575159311,0
"150",0.130887627601624,0.0932273715734482,0.304303646087646,0.0221669543534517,0.0894373431801796,0.0912971794605255,0.187422007322311,0.081095390021801,0.000162503187311813
"151",0.00785432010889053,0.0193831045180559,0.16871203482151,0.239654824137688,0.173536747694016,0.2619588971138,0.0997914373874664,0.0192114263772964,0.009897256270051
"152",0.00696181645616889,0.0473243519663811,0.336991161108017,0.0834134519100189,0.0968366265296936,0.149834886193275,0.232418075203896,0.0327700302004814,0.0134496642276645
"155",0.0333004258573055,0.00294693559408188,0.116242222487926,0.264988869428635,0.27468740940094,0.11703135073185,0.181148827075958,0.00101113086566329,0.00864288210868835
"156",0.120047390460968,0.0382034815847874,0.227189183235168,0.0193121638149023,0.104489162564278,0.260672003030777,0.204033374786377,0.00294311321340501,0.0231101773679256
"166",0.0854814872145653,0.0508796386420727,0.229109346866608,0.0255080442875624,0.136100605130196,0.293109834194183,0.158802896738052,0.0193093959242105,0.00169876450672746
"167",0.0854923650622368,0.0557360611855984,0.300486236810684,0.0209883656352758,0.10041318833828,0.21141542494297,0.179421737790108,0.0459202714264393,0.000126391358207911
"168",0.160704702138901,0.0961892157793045,0.257310748100281,0.0493124388158321,0.0588671751320362,0.13763153553009,0.195729732513428,0.0442364290356636,1.80559090949828e-05
"169",0.0147077739238739,0.0401944927871227,0.212171897292137,0.0968519374728203,0.14903137087822,0.237384974956512,0.215009406208992,0.0268947146832943,0.00775344204157591
"170",0.0167948845773935,0.06095190346241,0.161382600665092,0.217600733041763,0.115621455013752,0.215503826737404,0.19391168653965,0.0182148870080709,1.80559090949828e-05
"171",0.00417907303199172,0.0255903340876102,0.246592938899994,0.282660990953445,0.151692271232605,0.100842699408531,0.164228871464729,0.0119688529521227,0.012243976816535
"175",0.149425908923149,0.0297610107809305,0.150686904788017,0.0139525253325701,0.038483027368784,0.510760247707367,0.0830772444605827,0.0014986403984949,0.0223545338958502
"176",0.183966845273972,0.0929466784000397,0.259185135364532,0.0133727127686143,0.0322503559291363,0.289223849773407,0.109323240816593,0.00487613026052713,0.0148550933226943
"182",0.0996223613619804,0.0876799523830414,0.21737352013588,0.0186513438820839,0.0863743647933006,0.291753113269806,0.177540525794029,0.0209868084639311,1.80559090949828e-05
"183",0.0896620452404022,0.0435954891145229,0.126032277941704,0.0396904051303864,0.123024202883244,0.421321988105774,0.130937859416008,0.0232391618192196,0.00249663996510208
"184",0.370851963758469,0.0364656671881676,0.143135771155357,0.0152561664581299,0.0544685237109661,0.214453369379044,0.145529940724373,0.0197122562676668,0.000126391358207911
"185",0.217100441455841,0.0684871599078178,0.15115675330162,0.0393477082252502,0.0984274223446846,0.268632739782333,0.14776223897934,0.00908556487411261,0
"186",0.0878514498472214,0.0791713073849678,0.240795448422432,0.0821601450443268,0.105711154639721,0.127597659826279,0.228837594389915,0.0246519409120083,0.0232233442366123
"187",0.0614585354924202,0.103883184492588,0.260578960180283,0.0261011719703674,0.0336270108819008,0.0941110774874687,0.399934440851212,0.0198542643338442,0.000451397732831538
"188",0.0413672961294651,0.026813043281436,0.172071114182472,0.157726004719734,0.158094123005867,0.273969054222107,0.157242104411125,0.0125909093767405,0.000126391358207911
"189",0.0111407954245806,0.0780820921063423,0.241807892918587,0.151497066020966,0.11126434057951,0.1759232878685,0.221469923853874,0.00792989227920771,0.00088473956566304
"190",0.0744365453720093,0.0428027771413326,0.202151253819466,0.0501554906368256,0.10143405944109,0.266949594020844,0.257791042327881,0.00424313871189952,3.61118181899656e-05
"192",0.136811286211014,0.0430436730384827,0.324940264225006,0.0195553191006184,0.105126515030861,0.239731281995773,0.124333530664444,0.00645815441384912,0
"195",0.155431911349297,0.0781406462192535,0.243609666824341,0.0450667850673199,0.0697257444262505,0.270237773656845,0.128307595849037,0.00161460624076426,0.00786530040204525
"201",0.0673278942704201,0.088120274245739,0.234449535608292,0.0154984444379807,0.0786402001976967,0.181325688958168,0.295496493577957,0.0391234271228313,1.80559090949828e-05
"202",0.300877541303635,0.0608154982328415,0.187194228172302,0.0101769184693694,0.0363004766404629,0.179451495409012,0.19649538397789,0.0283996146172285,0.000288894545519724
"203",0.269912004470825,0.0817277878522873,0.167461901903152,0.0221119374036789,0.0622823014855385,0.224545851349831,0.157025367021561,0.0146439876407385,0.000288894545519724
"204",0.0800812691450119,0.0655184462666512,0.302079051733017,0.0467048697173595,0.0703028663992882,0.23494516313076,0.171650543808937,0.0142439398914576,0.014473857358098
"205",0.0140292700380087,0.0677763670682907,0.328084141016006,0.171723634004593,0.0539510175585747,0.0867887586355209,0.253134816884995,0.0245120394974947,0
"206",0.0552603378891945,0.0724874213337898,0.271633982658386,0.103150263428688,0.0782404690980911,0.1551503688097,0.246986359357834,0.0163505431264639,0.000740292249247432
"207",0.0268861595541239,0.117942079901695,0.202468901872635,0.229581534862518,0.133045092225075,0.109784379601479,0.16530853509903,0.0144236385822296,0.000559733191039413
"208",0.111351110041142,0.133306100964546,0.255453258752823,0.0848134905099869,0.0721692070364952,0.115877456963062,0.206155583262444,0.0208738502115011,0
"211",0.291109502315521,0.0320486649870872,0.20860455930233,0.00130002549849451,0.0296090841293335,0.242228075861931,0.191308364272118,0.00379174086265266,0
"212",0.26244643330574,0.0859166160225868,0.178548842668533,0.00695223920047283,0.00824410561472178,0.304960787296295,0.150038480758667,0.0010832438711077,0.00180929433554411
"213",0.0638231560587883,0.0186952035874128,0.350127935409546,0.025809820741415,0.113760367035866,0.333117365837097,0.0735922232270241,0.000689070380758494,0.0203848890960217
"218",0.16849260032177,0.0843740776181221,0.181852906942368,0.0929161682724953,0.11725752055645,0.165113434195518,0.169637680053711,0.0198320038616657,0.000523621332831681
"219",0.208642572164536,0.0717395320534706,0.221670165657997,0.00858825724571943,0.0451409332454205,0.158701956272125,0.240065410733223,0.0453970283269882,5.41677254659589e-05
"220",0.327442109584808,0.056071013212204,0.116028852760792,0.0212059319019318,0.0327204279601574,0.332662522792816,0.107024230062962,0.00653799343854189,0.00030695044551976
"221",0.0237517543137074,0.0718055739998817,0.191836908459663,0.0612702146172523,0.133337661623955,0.419219762086868,0.0716857835650444,0.0095639955252409,0.0175283681601286
"222",0.0188996214419603,0.115729615092278,0.375155031681061,0.0762062668800354,0.0502406470477581,0.165901079773903,0.16833508014679,0.0295327045023441,0
"223",0.0278381798416376,0.139797642827034,0.210715651512146,0.0909621641039848,0.10092855244875,0.203619822859764,0.205858007073402,0.0202077999711037,7.22236363799311e-05
"224",0.0543989576399326,0.0497935898602009,0.198085367679596,0.184124544262886,0.129007369279861,0.158196985721588,0.218736708164215,0.00758427288383245,7.22236363799311e-05
"225",0.058232057839632,0.146739542484283,0.153156608343124,0.215931713581085,0.190467223525047,0.0869706496596336,0.135797023773193,0.0126871764659882,1.80559090949828e-05
"226",0.0542396977543831,0.0472462363541126,0.126576662063599,0.21546596288681,0.139972120523453,0.233996197581291,0.176929876208305,0.00304948468692601,0.00252381409518421
"227",0.136210098862648,0.038387730717659,0.12919794023037,0.174437195062637,0.262154966592789,0.147398933768272,0.110248237848282,0.0019649425521493,0
"228",0.0815156400203705,0.0600906014442444,0.17551563680172,0.0351034216582775,0.122680336236954,0.356960594654083,0.158132448792458,0.00985691417008638,0.000144447272759862
"229",0.286701828241348,0.176614582538605,0.280420303344727,0.00454680388793349,0.0122960740700364,0.139434143900871,0.0922777131199837,0.00769053725525737,1.80559090949828e-05
"230",0.210240870714188,0.0210794843733311,0.317421764135361,0.00140836089849472,0.0133309178054333,0.213042870163918,0.22161602973938,0.00185975863132626,0
"231",0.0662518441677094,0.0487371571362019,0.153902843594551,0.033674169331789,0.260428041219711,0.403765469789505,0.0269471202045679,0.000234726816415787,0.00605868501588702
"237",0.346129447221756,0.0446851141750813,0.12894843518734,0.0194316320121288,0.0376809798181057,0.121266186237335,0.258669495582581,0.0431526489555836,3.61118181899656e-05
"238",0.221883311867714,0.0665957480669022,0.10527016222477,0.0308884158730507,0.0608199089765549,0.265713781118393,0.241383880376816,0.00744481710717082,0
"239",0.0990653857588768,0.0716362968087196,0.148315608501434,0.043796718120575,0.114031203091145,0.393586188554764,0.111459605395794,0.0071320841088891,0.0109769189730287
"240",0.15706479549408,0.1043701171875,0.318853318691254,0.013614040799439,0.0401556938886642,0.103585056960583,0.228759482502937,0.033362839370966,0.000234726816415787
"241",0.0160726476460695,0.0861326307058334,0.228504985570908,0.169179812073708,0.209636405110359,0.149615839123726,0.120913848280907,0.0199438538402319,0
"242",0.0494433082640171,0.0615016259253025,0.136770695447922,0.172819539904594,0.193936914205551,0.270303100347519,0.111127287149429,0.00402533635497093,7.22236363799311e-05
"243",0.0283154267817736,0.0714084953069687,0.228578925132751,0.20433409512043,0.127534002065659,0.177492558956146,0.141952827572823,0.0203114673495293,7.22236363799311e-05
"244",0.0945636704564095,0.0391960106790066,0.263139367103577,0.0755413845181465,0.111666135489941,0.218813613057137,0.190257981419563,0.00671354494988918,0.000108335450931918
"245",0.0174328777939081,0.0200654957443476,0.15444378554821,0.23067618906498,0.323728531599045,0.12693578004837,0.121293999254704,0.00359574682079256,0.00182765978388488
"246",0.128411769866943,0.0390562303364277,0.138798922300339,0.0223990809172392,0.341899424791336,0.181350186467171,0.141806960105896,0.00624132947996259,3.61118181899656e-05
"247",0.269331753253937,0.0297742914408445,0.191396668553352,0.0119885867461562,0.0693577602505684,0.248124688863754,0.175677910447121,0.00434836745262146,0
"248",0.333433598279953,0.0703882500529289,0.304603755474091,0.00657563610002398,0.00687766680493951,0.0830787047743797,0.184509783983231,0.010532614775002,0
"249",0.187716424465179,0.0403127409517765,0.380729496479034,0.00344867864623666,0.0423212349414825,0.24569471180439,0.098278172314167,0.0014985715970397,0
"250",0.0275247432291508,0.0346216708421707,0.153797522187233,0.0273100603371859,0.350948691368103,0.344306409358978,0.0351934693753719,0.000433341803727672,0.0258641615509987
"254",0.234490483999252,0.0715543255209923,0.212404787540436,0.0379208438098431,0.0380674377083778,0.284800499677658,0.099275216460228,0.0211140494793653,0.000372391717974097
"255",0.123251743614674,0.0614812709391117,0.148552194237709,0.0537942536175251,0.0956081971526146,0.398706167936325,0.101273894309998,0.0169125497341156,0.000419763528043404
"256",0.16384157538414,0.0339494310319424,0.148381322622299,0.101488888263702,0.076193667948246,0.257599622011185,0.198322400450706,0.00975620839744806,0.0104669313877821
"257",0.0680657401680946,0.118087604641914,0.309213906526566,0.0203986018896103,0.0938326343894005,0.247483372688293,0.13393671810627,0.00898146722465754,0
"258",0.078503429889679,0.0556710250675678,0.286852926015854,0.0542269833385944,0.115787446498871,0.165639758110046,0.223757222294807,0.0195251386612654,3.61118181899656e-05
"259",0.100470297038555,0.118494734168053,0.202454507350922,0.0328821875154972,0.142113119363785,0.241365730762482,0.148196458816528,0.0139868967235088,3.61118181899656e-05
"260",0.0389895625412464,0.029839800670743,0.14724600315094,0.192023158073425,0.226209864020348,0.265286028385162,0.0914508923888206,0.00893666315823793,1.80559090949828e-05
"261",0.0682738348841667,0.0801537036895752,0.214897528290749,0.111816138029099,0.0954814255237579,0.247954547405243,0.164472177624702,0.0168784447014332,7.22236363799311e-05
"264",0.106402948498726,0.00928717572242022,0.184156462550163,0.021104421466589,0.307543754577637,0.265768200159073,0.102443173527718,0.00320362974889576,9.02795436559245e-05
"265",0.237669616937637,0.0499554648995399,0.276604443788528,0.00509396614506841,0.0143880285322666,0.216080248355865,0.194174200296402,0.00578129105269909,0.000252782716415823
"266",0.167233631014824,0.0142287109047174,0.230182111263275,0.00705695198848844,0.0441983789205551,0.323803603649139,0.209451571106911,0.00379093922674656,5.41677254659589e-05
"267",0.150975689291954,0.0243252422660589,0.303590655326843,0.00219963071867824,0.0754862576723099,0.299445152282715,0.14042042195797,0.00355701404623687,0
"272",0.209941953420639,0.0654114261269569,0.193953663110733,0.0256237387657166,0.0432879440486431,0.324741065502167,0.134170800447464,0.00285655213519931,1.29059053506353e-05
"273",0.0847014784812927,0.0723316967487335,0.240169033408165,0.0486725717782974,0.0449677668511868,0.337537586688995,0.137075662612915,0.0329834744334221,0.0015607513487339
"274",0.133937105536461,0.071036271750927,0.111494161188602,0.0665563568472862,0.144816920161247,0.365273296833038,0.0916552245616913,0.00419304938986897,0.0110376691445708
"275",0.0513689033687115,0.0687552616000175,0.231471568346024,0.0438102073967457,0.132080674171448,0.387209802865982,0.0655654445290565,0.0075494172051549,0.0121887503191829
"276",0.115569181740284,0.10896247625351,0.328827232122421,0.0322938449680805,0.0913515388965607,0.0807188600301743,0.223720476031303,0.0185564365237951,0
"277",0.0345489382743835,0.0750260427594185,0.236738443374634,0.040166437625885,0.253500074148178,0.179027244448662,0.166252747178078,0.0147039880976081,3.61118181899656e-05
"278",0.0464351586997509,0.0809649229049683,0.215814352035522,0.0453078076243401,0.19384591281414,0.22060164809227,0.184737220406532,0.0122749730944633,1.80559090949828e-05
"279",0.0473855957388878,0.0814033225178719,0.169473350048065,0.22180101275444,0.132593214511871,0.216209337115288,0.12583726644516,0.00517056323587894,0.000126391358207911
"280",0.0204663332551718,0.0156183997169137,0.160371854901314,0.10873606801033,0.226750314235687,0.338663399219513,0.12100937962532,0.00643596984446049,0.00194829015526921
"281",0.016508037224412,0.0314158722758293,0.191891849040985,0.188916862010956,0.190320864319801,0.224598228931427,0.152010843157768,0.00433747936040163,0
"282",0.128807738423347,0.0739113539457321,0.18346731364727,0.0533999688923359,0.261391758918762,0.16978619992733,0.123781658709049,0.00541793135926127,3.61118181899656e-05
"283",0.160472929477692,0.039944127202034,0.302554756402969,0.00908411480486393,0.036383830010891,0.258557885885239,0.187400609254837,0.0051684589125216,0.000433341803727672
"284",0.1994908452034,0.0154063226655126,0.184510946273804,0.00166114361491054,0.0255328621715307,0.394145965576172,0.178078293800354,0.00117363408207893,0
"285",0.179162666201591,0.0103213023394346,0.179217085242271,0.00153766036964953,0.0801552087068558,0.402052134275436,0.145965069532394,0.0015889200149104,0
"286",0.00504940096288919,0.00388937001116574,0.165193110704422,0.0150016183033586,0.379836171865463,0.31545302271843,0.10755916684866,0.00307251908816397,0.00494568236172199
"290",0.0969367101788521,0.0484649911522865,0.314176172018051,0.034466527402401,0.0216911975294352,0.331481486558914,0.141402572393417,0.0110136549919844,0.000366732128895819
"291",0.102579586207867,0.0461021475493908,0.142159670591354,0.0738731920719147,0.0981638133525848,0.433576285839081,0.088660903275013,0.00979732070118189,0.00508707389235497
"292",0.0789869129657745,0.031561516225338,0.159360781311989,0.057215441018343,0.0821047499775887,0.463427662849426,0.11394876241684,0.00437270710244775,0.00902151968330145
"293",0.0436726287007332,0.0924800112843513,0.298161596059799,0.0669899806380272,0.10558920353651,0.239682212471962,0.14200559258461,0.0114007629454136,1.80559090949828e-05
"294",0.00647430680692196,0.0747828334569931,0.197071611881256,0.136973083019257,0.272004246711731,0.175229921936989,0.119946166872978,0.0174998436123133,1.80559090949828e-05
"296",0.0259114298969507,0.0342356376349926,0.120450809597969,0.260383307933807,0.286711394786835,0.116690121591091,0.14909403026104,0.00650523835793138,1.80559090949828e-05
"297",0.0510342642664909,0.0401199869811535,0.159144386649132,0.0322432592511177,0.203953683376312,0.389902830123901,0.11035194247961,0.00938395783305168,0.00386571232229471
"298",0.0722218453884125,0.0500377714633942,0.137977361679077,0.178416848182678,0.179105401039124,0.22049880027771,0.157124191522598,0.00461783446371555,0
"300",0.209597587585449,0.0105248093605042,0.191580146551132,0.0205269530415535,0.110261097550392,0.352257162332535,0.102816499769688,0.00236259819939733,7.31791442376561e-05
"301",0.261332750320435,0.0220210589468479,0.221493050456047,0.0141222644597292,0.0192436575889587,0.320387989282608,0.137449845671654,0.00394938932731748,0
"302",0.08962482213974,0.00734084285795689,0.218627661466599,0.00751125812530518,0.170555725693703,0.345820844173431,0.15806645154953,0.00230796448886395,0.000144447272759862
"303",0.0833941623568535,0.00754708470776677,0.186631426215172,0.00567470164969563,0.11482135951519,0.367883652448654,0.227100923657417,0.00572537025436759,0.00122136517893523
"308",0.0659361034631729,0.0406357124447823,0.228347361087799,0.0367658361792564,0.0612429715692997,0.441048890352249,0.119106695055962,0.00577789079397917,0.00113853486254811
"309",0.104052044451237,0.119219288229942,0.169205948710442,0.0435033924877644,0.0489659756422043,0.353777647018433,0.143503502011299,0.0111161982640624,0.00665605720132589
"310",0.169323831796646,0.026402810588479,0.104763872921467,0.0533320493996143,0.0651891678571701,0.486298888921738,0.0835838690400124,0.00427184673026204,0.00683371257036924
"311",0.163110896945,0.0831854939460754,0.204400584101677,0.0432535968720913,0.0401162877678871,0.335174053907394,0.123383849859238,0.0073572127148509,1.80559090949828e-05
"312",0.0830965787172318,0.0919138789176941,0.374009132385254,0.069304421544075,0.0586105994880199,0.123225815594196,0.182584702968597,0.0172187648713589,3.61118181899656e-05
"313",0.0416133478283882,0.0529730245471001,0.196012079715729,0.0297853611409664,0.323482751846313,0.155072629451752,0.184579700231552,0.0164450388401747,3.61118181899656e-05
"314",0.00548990396782756,0.0146830128505826,0.176494494080544,0.211395606398582,0.323095053434372,0.106051750481129,0.154713973402977,0.00807624682784081,0
"315",0.00350272096693516,0.0255027897655964,0.204576000571251,0.0830579474568367,0.380954146385193,0.170119881629944,0.120679803192616,0.0101802889257669,0.00142641679849476
"316",0.0373207554221153,0.0623419210314751,0.213389694690704,0.0667480006814003,0.160148575901985,0.233782902359962,0.216311648488045,0.00993849989026785,1.80559090949828e-05
"317",0.257786482572556,0.0391249544918537,0.252670288085938,0.044372234493494,0.0595520660281181,0.134619191288948,0.201606616377831,0.0101959640160203,7.22236363799311e-05
"318",0.116488941013813,0.0210877265781164,0.179930582642555,0.0233647525310516,0.15127620100975,0.319220393896103,0.185362383723259,0.00278252200223505,0.000486554024973884
"319",0.172527670860291,0.0451051145792007,0.288328617811203,0.0566787123680115,0.0836457014083862,0.139242067933083,0.189811423420906,0.0246607288718224,0
"320",0.306460589170456,0.00269743544049561,0.269304066896439,0.00156113575212657,0.00629378948360682,0.212411746382713,0.19994780421257,0.00132345675956458,0
"321",0.0217968765646219,0.0181182995438576,0.162734314799309,0.00295115308836102,0.362796872854233,0.296288192272186,0.133283838629723,0.00172353826928884,0.00030695044551976
"322",0.0070418044924736,0.0152457458898425,0.203234821557999,0.0243512894958258,0.275029301643372,0.29789787530899,0.16690319776535,0.00740156089887023,0.00289440038613975
"326",0.144748821854591,0.0884293541312218,0.144965782761574,0.0167919248342514,0.06447983533144,0.420394271612167,0.109277240931988,0.00675416830927134,0.00415863050147891
"327",0.16575562953949,0.0461341887712479,0.25268018245697,0.0555977672338486,0.0553813874721527,0.260888457298279,0.150655165314674,0.012907269410789,0
"328",0.118286788463593,0.074567511677742,0.199439525604248,0.0347870439291,0.0448830053210258,0.345596164464951,0.176314622163773,0.00590869970619678,0.000216670901863836
"329",0.0938428416848183,0.0737552121281624,0.261842548847198,0.0252223797142506,0.118554823100567,0.241032138466835,0.174172326922417,0.0115597099065781,1.80559090949828e-05
"330",0.0253314599394798,0.0462209843099117,0.303522765636444,0.132578909397125,0.183978617191315,0.119569391012192,0.174681782722473,0.0141161466017365,0
"331",0.013566623441875,0.0260067097842693,0.266664326190948,0.131054401397705,0.197063341736794,0.187737330794334,0.169947981834412,0.00795931741595268,0
"332",0.0386722683906555,0.0096862930804491,0.197808623313904,0.0866330415010452,0.375913798809052,0.161042466759682,0.125960454344749,0.00419282447546721,9.02795436559245e-05
"333",0.0235338117927313,0.0188826955854893,0.174640879034996,0.0949515402317047,0.303308129310608,0.213252022862434,0.16473962366581,0.00663715321570635,5.41677254659589e-05
"334",0.112913377583027,0.0712072178721428,0.19574362039566,0.139452323317528,0.154362216591835,0.141781568527222,0.179447293281555,0.0050924108363688,0
"335",0.122213207185268,0.0546098127961159,0.223903357982635,0.0430847406387329,0.0505126863718033,0.204846650362015,0.295990347862244,0.0048211719840765,1.80559090949828e-05
"336",0.113792888820171,0.0244717169553041,0.161855131387711,0.0326600261032581,0.211154356598854,0.347504317760468,0.10530748963356,0.00325414398685098,0
"337",0.316397845745087,0.0157691966742277,0.179503783583641,0.0561599545180798,0.049859419465065,0.164393991231918,0.206753298640251,0.0111625418066978,0
"338",0.174381867051125,0.0076376493088901,0.322510659694672,0.00117363408207893,0.0915059521794319,0.184444174170494,0.213712513446808,0.00463357614353299,0
"339",0.0136120645329356,0.0077047273516655,0.232222393155098,0.00611085910350084,0.263976335525513,0.268410265445709,0.19731131196022,0.00340905762277544,0.00724303815513849
"344",0.187742620706558,0.0550562366843224,0.245239362120628,0.0159635916352272,0.0247862972319126,0.21746464073658,0.245114624500275,0.0085672065615654,6.54396280879155e-05
"345",0.171414405107498,0.108538530766964,0.155898407101631,0.0422864928841591,0.0441387966275215,0.336014181375504,0.118776105344296,0.0229150485247374,1.80559090949828e-05
"346",0.092425711452961,0.0537549965083599,0.22071447968483,0.046276792883873,0.0535527281463146,0.433316975831985,0.0891610383987427,0.00694612553343177,0.00385115458630025
"347",0.22657984495163,0.0837476700544357,0.199515327811241,0.0218360256403685,0.0569877102971077,0.236674353480339,0.170668751001358,0.00397229986265302,1.80559090949828e-05
"348",0.102026507258415,0.0897696912288666,0.31353572010994,0.0123632214963436,0.0680812895298004,0.112366497516632,0.29164183139801,0.0102152805775404,0
"349",0.00949074979871511,0.0388879887759686,0.159471705555916,0.0562469102442265,0.376567363739014,0.247364923357964,0.103085987269878,0.00886632595211267,1.80559090949828e-05
"350",0.00783916562795639,0.0156767163425684,0.151385173201561,0.110089652240276,0.387536406517029,0.218930467963219,0.103271134197712,0.00527129368856549,0
"351",0.0273012965917587,0.0412912666797638,0.114011347293854,0.247699916362762,0.395401835441589,0.106028385460377,0.0598380975425243,0.00817507598549128,0.000252782716415823
"352",0.235841438174248,0.0494895614683628,0.186321660876274,0.0166370943188667,0.0667236000299454,0.270989686250687,0.167710036039352,0.00628697592765093,0
"353",0.0438951142132282,0.0685077682137489,0.255474746227264,0.149728804826736,0.12530928850174,0.177006393671036,0.169470205903053,0.0106077045202255,0
"354",0.0833377167582512,0.0681812465190887,0.184751570224762,0.0343052893877029,0.0448794551193714,0.29847976565361,0.281863003969193,0.00418390845879912,1.80559090949828e-05
"356",0.160487458109856,0.0111585520207882,0.272217899560928,0.00215838151052594,0.0155041087418795,0.367686957120895,0.168689921498299,0.00209673820063472,0
"362",0.183684706687927,0.125605374574661,0.184309661388397,0.0227952767163515,0.0207242928445339,0.250022023916245,0.197410508990288,0.0153759913519025,7.22236363799311e-05
"363",0.0743435025215149,0.0494723282754421,0.314054310321808,0.0538575910031796,0.0418156012892723,0.174828290939331,0.270588129758835,0.00991037208586931,0.0111298952251673
"364",0.242040008306503,0.0207908861339092,0.16082926094532,0.0169433541595936,0.0172040723264217,0.278013378381729,0.258544683456421,0.00559826474636793,3.61118181899656e-05
"365",0.0582756586372852,0.060986302793026,0.255209356546402,0.00546652125194669,0.0425202734768391,0.199691385030746,0.370849639177322,0.00691710924729705,8.37775878608227e-05
"366",0.0120948674157262,0.0221070181578398,0.169977203011513,0.148410260677338,0.274468839168549,0.221616566181183,0.144059225916862,0.00715773971751332,0.000108335450931918
"367",0.0358295813202858,0.0235173981636763,0.245763048529625,0.0953400507569313,0.223982021212578,0.224411055445671,0.145603954792023,0.00555290933698416,0
"368",0.0641422271728516,0.0384525395929813,0.30510014295578,0.0302113778889179,0.207503288984299,0.197934359312057,0.138117119669914,0.0170403458178043,0.0014986403984949
"369",0.045320775359869,0.0205243341624737,0.201408058404922,0.119602479040623,0.196937680244446,0.255704760551453,0.152721703052521,0.0073649319820106,0.000415285903727636
"370",0.0463063754141331,0.0288851726800203,0.340000927448273,0.110892735421658,0.126568630337715,0.174150601029396,0.165195852518082,0.00792751926928759,7.22236363799311e-05
"371",0.0888812318444252,0.0735271796584129,0.209859371185303,0.0559782460331917,0.140595003962517,0.261199802160263,0.162338629364967,0.00762057537212968,0
"372",0.341995090246201,0.0458350777626038,0.172396585345268,0.0401711501181126,0.0745445042848587,0.179347172379494,0.142960548400879,0.0027318368665874,1.80559090949828e-05
"373",0.133934766054153,0.0311497151851654,0.17676742374897,0.0568159036338329,0.0724569633603096,0.373201817274094,0.152549788355827,0.00301533681340516,0.000108335450931918
"374",0.0853752195835114,0.0174907557666302,0.219376847147942,0.00580799439921975,0.0884459465742111,0.389769166707993,0.188635125756264,0.00360032939352095,0.0014986403984949
"380",0.277688056230545,0.100669607520103,0.159205868840218,0.0313143655657768,0.0269444510340691,0.148059323430061,0.25015464425087,0.00513314921408892,0.000830571807455271
"381",0.0815262496471405,0.0643920376896858,0.348269253969193,0.0237546060234308,0.0241513587534428,0.235672935843468,0.203751474618912,0.0166765600442886,0.00180557544808835
"382",0.123249091207981,0.0220216158777475,0.191549107432365,0.0386086329817772,0.0508879125118256,0.322341948747635,0.245021089911461,0.00632065860554576,0
"383",0.133155971765518,0.0609151534736156,0.214215338230133,0.0213947352021933,0.0870788246393204,0.177686467766762,0.298390299081802,0.0060914377681911,0.00107180059421808
"384",0.043006643652916,0.0556228570640087,0.309259980916977,0.0189251806586981,0.163225874304771,0.106767117977142,0.290977239608765,0.0122151356190443,0
"385",0.00310992472805083,0.013373801484704,0.170793876051903,0.0593950003385544,0.47424054145813,0.132734671235085,0.140786454081535,0.00556576997041702,0
"386",0.0132530368864536,0.0333996564149857,0.218911379575729,0.0610882006585598,0.263925760984421,0.274248331785202,0.125800758600235,0.00917429383844137,0.0001986150018638
"387",0.0302122738212347,0.0956733003258705,0.224615007638931,0.229260459542274,0.183897227048874,0.109815657138824,0.111140891909599,0.0153671531006694,1.80559090949828e-05
"388",0.102259673178196,0.0214027985930443,0.186167791485786,0.220234021544456,0.126151785254478,0.205870226025581,0.122889898717403,0.0150238452479243,0
"389",0.0886017009615898,0.0273816585540771,0.186255052685738,0.243943572044373,0.156306013464928,0.160253331065178,0.128414213657379,0.0088083678856492,3.61118181899656e-05
"390",0.135327085852623,0.0154941771179438,0.272511690855026,0.0154685648158193,0.0615322068333626,0.273827344179153,0.212434500455856,0.0132239013910294,0.000180559087311849
"392",0.00771963177248836,0.00840121414512396,0.365308582782745,0.00618467526510358,0.079565741121769,0.365071684122086,0.161566317081451,0.006037721876055,0.000144447272759862
"398",0.0782958716154099,0.0760801061987877,0.295787364244461,0.112059161067009,0.068803071975708,0.157154217362404,0.191726014018059,0.0185617189854383,0.00153248780407012
"399",0.0587138272821903,0.0659024342894554,0.244434282183647,0.108581811189651,0.0621338970959187,0.265271991491318,0.178580775856972,0.00942621286958456,0.00695481337606907
"400",0.192469149827957,0.0222975444048643,0.181045070290565,0.017290472984314,0.0551615804433823,0.251666992902756,0.275556951761246,0.00418728031218052,0.000325006374623626
"401",0.127568155527115,0.0584040619432926,0.275341510772705,0.0259769838303328,0.0480829477310181,0.108242996037006,0.340361535549164,0.0160218216478825,0
"402",0.00297944201156497,0.0196156464517117,0.239662200212479,0.135586500167847,0.33217066526413,0.0910077765583992,0.166315481066704,0.0126261953264475,3.61118181899656e-05
"403",0.0100994976237416,0.0249338634312153,0.155020371079445,0.0675532817840576,0.383458733558655,0.187055006623268,0.0980746671557426,0.00225978926755488,0.071544848382473
"404",0.0943768993020058,0.0491260103881359,0.314504593610764,0.0305458642542362,0.12995383143425,0.144279062747955,0.210128232836723,0.0270855408161879,0
"405",0.0747848823666573,0.0214686673134565,0.306140065193176,0.0654488056898117,0.126223847270012,0.208857789635658,0.17926974594593,0.0178062170743942,0
"406",0.154608994722366,0.0381969474256039,0.210720390081406,0.137709766626358,0.128612712025642,0.130522474646568,0.192305758595467,0.0073229749687016,0
"407",0.0250202361494303,0.0295155588537455,0.26438370347023,0.0957468003034592,0.112642578780651,0.233640655875206,0.231958985328674,0.00707345502451062,1.80559090949828e-05
"408",0.313330829143524,0.0489613562822342,0.243105113506317,0.011752468533814,0.0223889369517565,0.122058555483818,0.235233575105667,0.00316920783370733,0
"409",0.170689448714256,0.0378506220877171,0.192251667380333,0.0344110541045666,0.101491585373878,0.274801552295685,0.180234760046005,0.00749294506385922,0.000776404107455164
"410",0.0690589547157288,0.0179318692535162,0.16202612221241,0.123846925795078,0.138625606894493,0.292904794216156,0.190399810671806,0.00513371964916587,7.22236363799311e-05
"416",0.0652804374694824,0.0486129634082317,0.206375971436501,0.0409325771033764,0.0868460163474083,0.333635210990906,0.211887195706367,0.0063935462385416,3.61118181899656e-05
"417",0.0782109573483467,0.0367014072835445,0.252061277627945,0.0833009481430054,0.056625809520483,0.276110619306564,0.19527693092823,0.0197056196630001,0.0020064702257514
"418",0.0863071233034134,0.036828737705946,0.335069209337234,0.0484568774700165,0.044564351439476,0.239022195339203,0.192994177341461,0.0167392939329147,1.80559090949828e-05
"419",0.0819590762257576,0.0190157331526279,0.248385965824127,0.0197370368987322,0.0471689142286777,0.175652876496315,0.405570656061172,0.00245560356415808,5.41677254659589e-05
"420",0.0246748812496662,0.014422869309783,0.251357465982437,0.0593388378620148,0.213956445455551,0.132113352417946,0.297203212976456,0.00687878811731935,5.41677254659589e-05
"421",0.0133608374744654,0.0248531326651573,0.219410121440887,0.120509639382362,0.292813807725906,0.170493319630623,0.152771607041359,0.00578753696754575,0
"422",0.0613802745938301,0.0473019108176231,0.263975858688354,0.053474772721529,0.280341893434525,0.143797129392624,0.138197436928749,0.0111589105799794,0.000371839269064367
"423",0.118865244090557,0.0331684835255146,0.255620718002319,0.0977446734905243,0.102006629109383,0.15251387655735,0.210491701960564,0.0295886993408203,0
"424",0.128517955541611,0.0346743613481522,0.203164115548134,0.116299249231815,0.129594653844833,0.227056831121445,0.141259789466858,0.0193789321929216,5.41677254659589e-05
"425",0.21939417719841,0.0385599136352539,0.273160606622696,0.0310862325131893,0.0637865364551544,0.107029601931572,0.259611755609512,0.00737118115648627,0
"426",0.164833515882492,0.0656464919447899,0.173353403806686,0.00418483791872859,0.0324278809130192,0.276156514883041,0.277779817581177,0.00561754498630762,0
"427",0.0233503356575966,0.0177889261394739,0.240785285830498,0.141074076294899,0.177908957004547,0.270799994468689,0.122929871082306,0.00536260474473238,0
"428",0.0589985996484756,0.035101268440485,0.218986213207245,0.0487987026572227,0.157549738883972,0.33218315243721,0.143921747803688,0.00437031872570515,9.02795436559245e-05
"434",0.09011510014534,0.0307024363428354,0.286097973585129,0.0902547165751457,0.04499227181077,0.229351967573166,0.214837521314621,0.0126730129122734,0.000975019065663218
"435",0.0514532588422298,0.0147863663733006,0.127218008041382,0.167744100093842,0.0231799017637968,0.516428649425507,0.089815765619278,0.00937397219240665,0
"436",0.232973352074623,0.0349220559000969,0.20505878329277,0.0256031043827534,0.0650554746389389,0.163524031639099,0.256670832633972,0.0159215666353703,0.000270838645519689
"437",0.0572509095072746,0.0553836822509766,0.251497447490692,0.0465502887964249,0.147938922047615,0.168680414557457,0.264248192310333,0.00837794132530689,7.22236363799311e-05
"438",0.0441006645560265,0.0190212354063988,0.192583426833153,0.115690536797047,0.360090255737305,0.1313546448946,0.1279207020998,0.00920244492590427,3.61118181899656e-05
"439",0.0135780433192849,0.00961422361433506,0.144349545240402,0.170039296150208,0.401143759489059,0.16378279030323,0.094905748963356,0.00258663622662425,0
"440",0.0564588271081448,0.02324253693223,0.244771406054497,0.051796942949295,0.177612632513046,0.181077510118484,0.240719303488731,0.0243208911269903,0
"442",0.077915370464325,0.0252796038985252,0.186119496822357,0.0805626735091209,0.223046898841858,0.255306273698807,0.141853749752045,0.00991595257073641,0
"443",0.108517043292522,0.0445990599691868,0.170408084988594,0.0237636566162109,0.0957987904548645,0.252212792634964,0.299513697624207,0.00518689397722483,0
"444",0.126496836543083,0.0714854598045349,0.141892477869987,0.10725511610508,0.180437818169594,0.154226779937744,0.213796809315681,0.00424624513834715,0.000162503187311813
"445",0.0865629464387894,0.0984384417533875,0.18199622631073,0.0448958314955235,0.101544640958309,0.330778270959854,0.152497515082359,0.00321395182982087,7.22236363799311e-05
"452",0.109482944011688,0.0147374318912625,0.249865680932999,0.0160862319171429,0.123554781079292,0.118778698146343,0.360485762357712,0.00397509709000587,0.00303339259698987
"453",0.178891137242317,0.0109071377664804,0.260277539491653,0.0193524789065123,0.0416677184402943,0.224780961871147,0.237643197178841,0.0260103940963745,0.000469453632831573
"454",0.166062340140343,0.0129611380398273,0.251587629318237,0.0555411204695702,0.0559281595051289,0.171645253896713,0.273039579391479,0.0131625737994909,7.22236363799311e-05
"455",0.165566191077232,0.01552056055516,0.184917345643044,0.0711013227701187,0.124500788748264,0.171031400561333,0.265231788158417,0.00213059736415744,0
"457",0.074273481965065,0.00859461259096861,0.173518314957619,0.0474307350814342,0.202579066157341,0.34497457742691,0.146724596619606,0.00190464605111629,0
"458",0.011411334387958,0.0211684443056583,0.228121742606163,0.0204855035990477,0.324705690145493,0.201429978013039,0.184029385447502,0.0086479838937521,0
"461",0.0179848540574312,0.0280522760003805,0.207026213407516,0.154929965734482,0.16851618885994,0.187865510582924,0.219890579581261,0.0156803019344807,5.41677254659589e-05
"462",0.0150947403162718,0.0137653015553951,0.22376561164856,0.134603545069695,0.193070217967033,0.171848461031914,0.238634392619133,0.00921780522912741,0
"463",0.10461188107729,0.0462628789246082,0.194379061460495,0.0435592979192734,0.127507880330086,0.242753177881241,0.234884440898895,0.00604141782969236,0
"470",0.168297827243805,0.0156417936086655,0.334132522344589,0.0191924832761288,0.043358713388443,0.157725736498833,0.2555231153965,0.00596532830968499,0.000162503187311813
"471",0.226115122437477,0.012093985453248,0.280096828937531,0.0103576062247157,0.100901760160923,0.137680128216743,0.229499697685242,0.00305628497153521,0.0001986150018638
"472",0.200344175100327,0.00628537498414516,0.106444828212261,0.0477632321417332,0.0874466896057129,0.33380138874054,0.213677182793617,0.00423715030774474,0
"474",0.141987785696983,0.0274930689483881,0.201309442520142,0.0513688288629055,0.217757165431976,0.213428437709808,0.138690710067749,0.00136037031188607,0.00660420767962933
"475",0.0285328663885593,0.00962913874536753,0.169423088431358,0.0300650745630264,0.308686852455139,0.193429678678513,0.256711304187775,0.00352205918170512,0
"476",0.0278021935373545,0.0503309220075607,0.380628228187561,0.0939164087176323,0.153474912047386,0.0633771643042564,0.193114742636681,0.0371929667890072,0.000162503187311813
"478",0.0116386637091637,0.0230666697025299,0.207526013255119,0.245133504271507,0.257758021354675,0.154257819056511,0.0897835046052933,0.0108358589932323,0
"479",0.0444642677903175,0.0413630343973637,0.207804352045059,0.0852382332086563,0.129019528627396,0.134054020047188,0.351888298988342,0.00616828305646777,0
"480",0.0401532389223576,0.0180989727377892,0.132632791996002,0.183612376451492,0.190070286393166,0.276200920343399,0.149616345763206,0.00939843710511923,0.000216670901863836
"481",0.0454347208142281,0.0143162803724408,0.188903763890266,0.0319482162594795,0.194571539759636,0.370796531438828,0.151736915111542,0.00229206425137818,0
"489",0.356666803359985,0.0241019334644079,0.241172775626183,0.0105404630303383,0.0725623965263367,0.0662885680794716,0.2230404317379,0.00559239508584142,3.42656385328155e-05
"490",0.401116907596588,0.0186002925038338,0.168496638536453,0.00701450882479548,0.127440556883812,0.172191008925438,0.103153981268406,0.00198614993132651,0
"493",0.101025216281414,0.00988987926393747,0.284909904003143,0.0190246477723122,0.0347401015460491,0.173280611634254,0.371712893247604,0.0053987167775631,1.80559090949828e-05
"494",0.0135255390778184,0.0233329553157091,0.311196684837341,0.0296244379132986,0.268255650997162,0.0485695041716099,0.286558240652084,0.0189369898289442,0
"495",0.0352767631411552,0.0281228125095367,0.401950746774673,0.105871543288231,0.0838986933231354,0.050138171762228,0.217853873968124,0.0767966210842133,9.08190704649314e-05
"497",0.00229889643378556,0.00799242500215769,0.200404793024063,0.0715032666921616,0.293253630399704,0.217284709215164,0.197719767689705,0.00954256020486355,0
"498",0.1574317663908,0.0358199365437031,0.132699444890022,0.0582389459013939,0.218856871128082,0.148546576499939,0.238517299294472,0.00981696229428053,7.22236363799311e-05
"507",0.329030066728592,0.0258029997348785,0.141610145568848,0.00577789079397917,0.144563391804695,0.18926115334034,0.159909844398499,0.00377368507906795,0.000270838645519689
"510",0.115653984248638,0.0218373741954565,0.221564322710037,0.0243609827011824,0.265598684549332,0.196813568472862,0.147960171103477,0.0011555781820789,0.00505536049604416
"511",0.0953243225812912,0.0247761253267527,0.315280675888062,0.027498222887516,0.0844390988349915,0.0663915649056435,0.367946177721024,0.0183438379317522,0
"512",0.0143494764342904,0.0571513585746288,0.330527633428574,0.0557350628077984,0.165411621332169,0.0726374238729477,0.276157677173615,0.0280297789722681,0
"513",0.0252544842660427,0.0581008158624172,0.401034444570541,0.0495041534304619,0.100839093327522,0.151246190071106,0.181439980864525,0.0325452983379364,3.55722950189374e-05
"514",0.0123431934043765,0.00724666425958276,0.186185821890831,0.125005707144737,0.319270074367523,0.215349987149239,0.12535697221756,0.00920550897717476,3.61118181899656e-05
"515",0.0600758939981461,0.0142612056806684,0.192960917949677,0.0542020834982395,0.302177518606186,0.188594669103622,0.182580649852753,0.00514708831906319,0
"516",0.108208991587162,0.0189519133418798,0.162859752774239,0.0796936079859734,0.121183417737484,0.246273219585419,0.259011209011078,0.00379988271743059,1.80559090949828e-05
"517",0.10451190918684,0.0280909519642591,0.182923123240471,0.0296974126249552,0.210985392332077,0.354367762804031,0.0884673073887825,0.000956144765950739,0
"529",0.0908037945628166,0.0062654004432261,0.386293232440948,0.0188632942736149,0.0269153080880642,0.134652033448219,0.333048731088638,0.0031582429073751,0
"530",0.0183581337332726,0.0417070984840393,0.236687049269676,0.0794314369559288,0.227891579270363,0.0833829790353775,0.302647113800049,0.00987657159566879,1.80559090949828e-05
"531",0.048779908567667,0.079303465783596,0.27911102771759,0.0116059333086014,0.0982391312718391,0.0900464206933975,0.380739510059357,0.0121565517038107,1.80559090949828e-05
"532",0.00443381350487471,0.0127374045550823,0.260849803686142,0.0380434766411781,0.394690960645676,0.158825054764748,0.118950374424458,0.0114691630005836,0
"533",0.00231575570069253,0.00634640082716942,0.168086037039757,0.125969663262367,0.469520628452301,0.146164491772652,0.0777084305882454,0.00388861726969481,0
"534",0.0323880389332771,0.019804572686553,0.144278451800346,0.178761526942253,0.205434545874596,0.186151996254921,0.219145029783249,0.0140358852222562,0
"535",0.0509868338704109,0.0269982218742371,0.129841595888138,0.238275423645973,0.141189426183701,0.256980568170547,0.153206050395966,0.00250386679545045,1.80559090949828e-05
"546",0.124498069286346,0.0181365888565779,0.178141608834267,0.0193086769431829,0.0838605090975761,0.322554528713226,0.250606745481491,0.00242385291494429,0.000469453632831573
"547",0.0451145358383656,0.0290613044053316,0.308897733688354,0.0266717281192541,0.117874421179295,0.139951437711716,0.324776947498322,0.00765191204845905,0
"548",0.0130024775862694,0.0181647595018148,0.318585932254791,0.0337718166410923,0.122829578816891,0.077904149889946,0.401605486869812,0.0141358133405447,0
"549",0.0290512405335903,0.0581712871789932,0.215904295444489,0.0945602357387543,0.213567763566971,0.136449098587036,0.22179850935936,0.0232030283659697,0.00729458732530475
"550",0.0379826910793781,0.0285582169890404,0.26611790060997,0.147134959697723,0.135562986135483,0.221471011638641,0.153665736317635,0.00950651988387108,0
"551",0.0113910725340247,0.0283373650163412,0.147570624947548,0.0183655060827732,0.497541606426239,0.233872190117836,0.0614952556788921,0.00139030499849468,3.61118181899656e-05
"552",0.245739653706551,0.0137014472857118,0.150721117854118,0.0283996555954218,0.0490318313241005,0.201766058802605,0.306389838457108,0.00423238798975945,1.80559090949828e-05
"553",0.365581840276718,0.0311208795756102,0.240474805235863,0.0100210290402174,0.102420575916767,0.162131547927856,0.0868736505508423,0.00124930287711322,0.000126391358207911
"566",0.0171251427382231,0.014681737869978,0.197826236486435,0.0632587149739265,0.200696513056755,0.163700148463249,0.333262354135513,0.00939505826681852,5.41677254659589e-05
"567",0.0361165776848793,0.0337750315666199,0.236753210425377,0.164726361632347,0.203586280345917,0.123095139861107,0.192927017807961,0.00902041606605053,0
"568",0.0537201426923275,0.0738033801317215,0.304253131151199,0.0720559731125832,0.155322253704071,0.123510010540485,0.208494663238525,0.00882242247462273,1.80559090949828e-05
"569",0.0224416293203831,0.0018412274075672,0.172778934240341,0.186223909258842,0.26395446062088,0.213147521018982,0.134585902094841,0.00502646248787642,0
"582",0.0434387736022472,0.0165924485772848,0.251623719930649,0.087872102856636,0.246909335255623,0.147562354803085,0.198656842112541,0.00723613193258643,0.000108335450931918
"583",0.0053720441646874,0.0119073195382953,0.152579247951508,0.0652189627289772,0.276027530431747,0.257134228944778,0.225424721837044,0.00490954797714949,0.00142641679849476
"584",0.00902840401977301,0.025460559874773,0.178429543972015,0.126437038183212,0.225651994347572,0.17391611635685,0.255355566740036,0.00564856873825192,7.22236363799311e-05
"585",0.0168898683041334,0.0810830444097519,0.191352412104607,0.191966861486435,0.217224836349487,0.170819818973541,0.122981786727905,0.00768139585852623,0
"586",0.0344133675098419,0.0297045893967152,0.173871621489525,0.25025463104248,0.261913508176804,0.125953420996666,0.111535757780075,0.012317038141191,3.61118181899656e-05
"587",0.0263888034969568,0.00667734770104289,0.12387703359127,0.0932481288909912,0.490536600351334,0.191955476999283,0.0640218332409859,0.00322259380482137,7.22236363799311e-05
"601",0.0088093988597393,0.00441166013479233,0.191689699888229,0.0849970132112503,0.376128494739532,0.144989594817162,0.18049518764019,0.0084789739921689,0
"602",0.00956963188946247,0.0088206809014082,0.122101671993732,0.160104677081108,0.354798495769501,0.215969830751419,0.126815304160118,0.00151280080899596,0.00030695044551976
"603",0.0166874807327986,0.0115350456908345,0.232982113957405,0.116471968591213,0.235325485467911,0.122563570737839,0.258685380220413,0.00571289891377091,3.61118181899656e-05
"604",0.154888808727264,0.0715936496853828,0.158855929970741,0.100083164870739,0.0833527967333794,0.273751199245453,0.150369733572006,0.00703253038227558,7.22236363799311e-05
"605",0.0600894615054131,0.00808592606335878,0.111566282808781,0.181233927607536,0.426313787698746,0.119628109037876,0.0900191888213158,0.00306331599131227,0
"618",0.0474647134542465,0.0503368861973286,0.19878301024437,0.142281785607338,0.326462268829346,0.118640691041946,0.11083060503006,0.00520010199397802,0
"619",0.0127059128135443,0.0363619774580002,0.150822967290878,0.107639029622078,0.234457194805145,0.221606552600861,0.221989646553993,0.0141278728842735,0.000288894545519724
"620",0.00462231272831559,0.017895607277751,0.313982278108597,0.031418614089489,0.214137986302376,0.101898655295372,0.306144803762436,0.00988171249628067,1.80559090949828e-05
"621",0.0977500453591347,0.0481988750398159,0.225514769554138,0.0821200311183929,0.149878174066544,0.103749170899391,0.287515640258789,0.00523719424381852,3.61118181899656e-05
"622",0.25086173415184,0.0612147934734821,0.217711210250854,0.00909011717885733,0.104489229619503,0.104284323751926,0.244001790881157,0.00834683980792761,0
"636",0.178937077522278,0.0321957804262638,0.236215025186539,0.0572612322866917,0.162407130002975,0.126734957098961,0.197932332754135,0.00751125812530518,0.000805234827566892
"637",0.0277788750827312,0.0243836771696806,0.108253724873066,0.128957211971283,0.386643528938293,0.0996739938855171,0.216219171881676,0.00805372465401888,3.61118181899656e-05
"638",0.00240281270816922,0.0113279353827238,0.198309913277626,0.152295142412186,0.277429014444351,0.195558950304985,0.157895490527153,0.0034988175611943,0.00128196948207915
"639",0.0108639029785991,0.0189278516918421,0.263164043426514,0.0753766149282455,0.217744559049606,0.101949192583561,0.305392861366272,0.00656297337263823,1.80559090949828e-05
"640",0.226921409368515,0.0288543701171875,0.251350700855255,0.0190968830138445,0.0324291959404945,0.127470806241035,0.308062255382538,0.00581440329551697,0
"653",0.224942117929459,0.034528773277998,0.278058230876923,0.00591661175712943,0.126310601830482,0.134895250201225,0.190192669630051,0.00213490589521825,0.00302088307216763
"654",0.0594667345285416,0.0176532566547394,0.176099851727486,0.0817710980772972,0.262971609830856,0.236173674464226,0.159189090132713,0.00667473068460822,0
"655",0.0149141810834408,0.0312254354357719,0.178437873721123,0.147313758730888,0.293845415115356,0.163781255483627,0.165797561407089,0.00468455255031586,0
"656",0.0202635060995817,0.0211899690330029,0.165043458342552,0.0305024143308401,0.196781948208809,0.303351849317551,0.258876532316208,0.0031778400298208,0.000812515907455236
"657",0.166933596134186,0.0104237431660295,0.289018154144287,0.029935834929347,0.0633638873696327,0.080682635307312,0.352691054344177,0.00691501749679446,3.61118181899656e-05
"658",0.378346115350723,0.0417761020362377,0.100539483129978,0.00899595022201538,0.0802508443593979,0.144470691680908,0.240264490246773,0.00528412219136953,7.22236363799311e-05
"671",0.181561455130577,0.0254782922565937,0.376772820949554,0.000735972542315722,0.0540746077895164,0.12322261184454,0.231005325913429,0.0037183272652328,0.0034306226298213
"672",0.130878105759621,0.0141484746709466,0.361814886331558,0.0151562942191958,0.0823282077908516,0.221680492162704,0.162660479545593,0.00377964065410197,0.00755346100777388
"673",0.0370152145624161,0.0142746772617102,0.230054318904877,0.132331565022469,0.128780141472816,0.24508897960186,0.207115396857262,0.00533971609547734,0
"674",0.0308502838015556,0.0230407491326332,0.142587140202522,0.0994047299027443,0.206722185015678,0.296354413032532,0.196008652448654,0.00503188651055098,0
"675",0.0364425256848335,0.0125521784648299,0.168561607599258,0.0375737771391869,0.185527920722961,0.191066071391106,0.365149587392807,0.00184467539656907,0.00128170091193169
"676",0.402265906333923,0.0171638764441013,0.214324772357941,0.036956250667572,0.0184827260673046,0.047148808836937,0.257060378789902,0.00659730704501271,0
"688",0.252929180860519,0.0300188064575195,0.28150138258934,0.0379390344023705,0.0808927118778229,0.0859299674630165,0.223558127880096,0.00723082851618528,0
"689",0.290083020925522,0.0125603694468737,0.344114601612091,0.00199249712750316,0.0565952770411968,0.150622740387917,0.139991343021393,0.00333603471517563,0.00070418044924736
"690",0.0937981233000755,0.0152808576822281,0.264430940151215,0.0128591442480683,0.119548484683037,0.295890122652054,0.192014545202255,0.002302325097844,0.0038755142595619
"692",0.1069191172719,0.0126826809719205,0.119061887264252,0.0156805571168661,0.0458098128437996,0.532555401325226,0.165867507457733,0.00142308173235506,0
"693",0.0684748739004135,0.0102844638749957,0.189566642045975,0.0054740309715271,0.127603024244308,0.267947733402252,0.328735053539276,0.00146252859849483,0.000451666273875162
"708",0.300077885389328,0.00329602090641856,0.271514385938644,0.00276214769110084,0.0434857234358788,0.206056550145149,0.17103785276413,0.00176947913132608,0
"709",0.0822207108139992,0.0114228269085288,0.124110542237759,0.0236650928854942,0.257160902023315,0.388954073190689,0.104182906448841,0.00394399743527174,0.00433899182826281
"710",0.0561751611530781,0.0132241947576404,0.14970862865448,0.0215065144002438,0.195112705230713,0.395140707492828,0.163191750645638,0.00554316397756338,0.0003972300037276
"711",0.236021891236305,0.00962547492235899,0.18495586514473,0.00532045355066657,0.0512875132262707,0.209224253892899,0.302123069763184,0.0010262142168358,0.000415285903727636
"712",0.21669414639473,0.0446929670870304,0.275944232940674,0.0115519007667899,0.0782770812511444,0.0688852071762085,0.300658255815506,0.00304344831965864,0.000252782716415823
"724",0.316724985837936,0.0186615958809853,0.301332741975784,0.0100550819188356,0.0424750633537769,0.0956524908542633,0.208904817700386,0.00619325460866094,0
"725",0.421223819255829,0.0358324199914932,0.214104235172272,0.00568827148526907,0.0308617800474167,0.181794226169586,0.108938626945019,0.000852464232593775,0.00070418044924736
"726",0.121346361935139,0.0345431938767433,0.15055650472641,0.029768418520689,0.229957982897758,0.288825511932373,0.139238968491554,0.00576310371980071,0
"727",0.0179530829191208,0.00561071373522282,0.244881272315979,0.013729065656662,0.0512205697596073,0.498410433530807,0.16664582490921,0.00154906301759183,0
"728",0.158874750137329,0.0167837664484978,0.151688471436501,0.00648331921547651,0.082180343568325,0.402638345956802,0.179744049906731,0.000993074965663254,0.000613900891039521
"729",0.070529542863369,0.0134335961192846,0.270140498876572,0.0178489107638597,0.0779608711600304,0.293818175792694,0.249082639813423,0.00471214577555656,0.00247365958057344
"742",0.0441496334969997,0.00807524658739567,0.177401646971703,0.0583097115159035,0.178060904145241,0.445410132408142,0.0854087620973587,0.00318398117087781,0
"743",0.587633550167084,0.0122419064864516,0.136929735541344,0.00473064836114645,0.0134414611384273,0.126756444573402,0.117002345621586,0.00126391358207911,0
"744",0.367361962795258,0.0790403038263321,0.164740353822708,0.0492661260068417,0.146053060889244,0.0718018859624863,0.11886315792799,0.00231347419321537,0.000559733191039413
"746",0.1020497828722,0.0114811565726995,0.169551908969879,0.0105404704809189,0.049946017563343,0.475058406591415,0.17972919344902,0.0011555781820789,0.000487509532831609
"747",0.063421830534935,0.00911323446780443,0.26942652463913,0.0338627211749554,0.11959533393383,0.272518873214722,0.230047538876534,0.00167091144248843,0.000343062274623662
"748",0.150769218802452,0.0190832857042551,0.227421849966049,0.0285725966095924,0.0951433554291725,0.169703334569931,0.30372878909111,0.00534290028735995,0.000234726816415787
"760",0.308473646640778,0.0202120840549469,0.326954990625381,0.00526437861844897,0.0235088318586349,0.106653034687042,0.200173914432526,0.00875913351774216,0
"761",0.547291100025177,0.00567333213984966,0.128930389881134,0.00650012725964189,0.00782835856080055,0.135818243026733,0.166120603680611,0.00183786626439542,0
"762",0.118514448404312,0.0647008046507835,0.135636240243912,0.0295025426894426,0.262835204601288,0.305838793516159,0.0779174417257309,0.00355595326982439,0.0014986403984949
"763",0.157137140631676,0.011567716486752,0.247152522206306,0.00383756216615438,0.0591755025088787,0.341981410980225,0.176975131034851,0.0021730384323746,0
"764",0.248665153980255,0.00556121999397874,0.336542814970016,0.008125607855618,0.0216558873653412,0.122079499065876,0.252749443054199,0.00462043192237616,0
"765",0.142724543809891,0.0250896736979485,0.4473577439785,0.0119872875511646,0.0819739177823067,0.0712946355342865,0.215336784720421,0.00412713037803769,0.000108335450931918
"778",0.00572086311876774,0.0202451441437006,0.189319044351578,0.00831345375627279,0.181198298931122,0.548035562038422,0.0349980928003788,0.0037194152828306,0.00845016539096832
"779",0.432936698198318,0.0210246425122023,0.219118893146515,0.00173336721491069,0.0227540414780378,0.137466341257095,0.161444813013077,0.00341291469521821,0.000108335450931918
"780",0.509157121181488,0.0423251427710056,0.101500250399113,0.0169757232069969,0.0690360963344574,0.185341715812683,0.0639469474554062,0.0117170643061399,0
"781",0.0727238282561302,0.0382355749607086,0.322453737258911,0.00733069889247417,0.0677410066127777,0.283056110143661,0.203282341361046,0.00214329804293811,0.00303339259698987
"782",0.221952334046364,0.00389209948480129,0.238590911030769,0.0064530479721725,0.00381609797477722,0.26231461763382,0.260431796312332,0.0024949989747256,5.41677254659589e-05
"783",0.0621077679097652,0.0157363545149565,0.298592537641525,0.0544729493558407,0.359009593725204,0.102136470377445,0.102287895977497,0.00560230016708374,5.41677254659589e-05
"784",0.208004668354988,0.00104724266566336,0.227457851171494,0.00963137578219175,0.041704248636961,0.197638019919395,0.311284601688385,0.00321395182982087,1.80559090949828e-05
"796",0.168606802821159,0.0194937828928232,0.268705159425735,0.00495656114071608,0.0291424933820963,0.306060671806335,0.193991184234619,0.00904337409883738,0
"797",0.368662893772125,0.0269997734576464,0.196971625089645,0.00133613729849458,0.0280646309256554,0.154116973280907,0.218635618686676,0.0052123786881566,0
"798",0.31411075592041,0.0697472244501114,0.162022799253464,0.00999350566416979,0.146304458379745,0.207879453897476,0.0841278657317162,0.00581400282680988,0
"799",0.141087502241135,0.00764324050396681,0.240994229912758,0.0133509635925293,0.0257091633975506,0.341468721628189,0.222500517964363,0.00607207370921969,0.00117363408207893
"800",0.206124141812325,0.00644757878035307,0.256495922803879,0.00909175910055637,0.0652430802583694,0.296064823865891,0.157244190573692,0.0013818860752508,0.00190667121205479
"801",0.19875380396843,0.0262171793729067,0.254024058580399,0.00620679883286357,0.10805107653141,0.145512744784355,0.256052315235138,0.00516398996114731,1.80559090949828e-05
"814",0.0183139834553003,0.0144037054851651,0.101450242102146,0.0437082350254059,0.302903562784195,0.441546738147736,0.0755610242486,0.00200420594774187,0.000108335450931918
"815",0.36354061961174,0.0115350689738989,0.203131809830666,0.00341256684623659,0.0380555056035519,0.206253737211227,0.169369503855705,0.0047011892311275,0
"816",0.171046674251556,0.0335137210786343,0.180657759308815,0.0104772057384253,0.0142226507887244,0.295680195093155,0.290512919425964,0.0038889073766768,0
"817",0.21722799539566,0.0268779676407576,0.327622383832932,0.0107076279819012,0.0286902133375406,0.192976877093315,0.194216847419739,0.00137315900065005,0.00030695044551976
"818",0.202761724591255,0.0197796020656824,0.256915658712387,0.0227835811674595,0.0353746563196182,0.372482717037201,0.0801736041903496,0.00356894242577255,0.00615955516695976
"819",0.0461001135408878,0.0120432339608669,0.151933073997498,0.0581909492611885,0.419574111700058,0.235006168484688,0.0700035467743874,0.00353895826265216,0.00360987754538655
"832",0.0271887481212616,0.0118296639993787,0.323809057474136,0.00697803031653166,0.13140869140625,0.356273829936981,0.137709677219391,0.00480231177061796,0
"833",0.208366230130196,0.0248797629028559,0.180510982871056,0.00979186780750751,0.0213858243077993,0.383154898881912,0.164808556437492,0.0071019446477294,0
"834",0.173610210418701,0.0340472757816315,0.231257721781731,0.0160649754106998,0.0300395283848047,0.317030072212219,0.191373631358147,0.00657663447782397,0
"835",0.358552098274231,0.0127464812248945,0.266142696142197,0.00138776644598693,0.00961073394864798,0.0962603241205215,0.254197865724564,0.000993769848719239,0.000108335450931918
"836",0.281727939844131,0.0559304133057594,0.220716565847397,0.0341623350977898,0.104883268475533,0.0970604941248894,0.194255709648132,0.00280708493664861,0.00845623482018709
"837",0.120502829551697,0.00876312330365181,0.183724626898766,0.027747705578804,0.0578829534351826,0.410284340381622,0.18576443195343,0.0035966350696981,0.00173336721491069
"851",0.0269552133977413,0.00663696648553014,0.266876578330994,0.00641405675560236,0.0542843416333199,0.442224830389023,0.186212882399559,0.01039516646415,0
"852",0.302474617958069,0.0302914790809155,0.157625705003738,0.0121599622070789,0.0437884964048862,0.246666193008423,0.201516792178154,0.00545869302004576,1.80559090949828e-05
"853",0.483030259609222,0.0119595322757959,0.299124777317047,0.00115935772191733,0.00466105714440346,0.0528299584984779,0.145393401384354,0.00184170273132622,0
"854",0.272291868925095,0.024668987840414,0.286059081554413,0.0161314085125923,0.0870076864957809,0.123814813792706,0.186241000890732,0.00309904315508902,0.000686124549247324
"868",0.0144840208813548,0.00761959375813603,0.323213160037994,0.010392121039331,0.0942315384745598,0.421074837446213,0.124417327344418,0.00456743640825152,0
"869",0.0197979994118214,0.00716469995677471,0.208666145801544,0.00710525270551443,0.104462407529354,0.552394807338715,0.0952042862772942,0.00520442379638553,0
"870",0.259179204702377,0.0142461117357016,0.226883143186569,0.0137468110769987,0.021947680041194,0.224572777748108,0.235860601067543,0.0035637051332742,0
"871",0.341787040233612,0.00950504094362259,0.422887951135635,0.00391813227906823,0.0157896615564823,0.0915497690439224,0.114020779728889,0.000523621332831681,1.80559090949828e-05
"887",0.0236383806914091,0.0222290605306625,0.329632192850113,0.00175142311491072,0.136848419904709,0.298650354146957,0.183397993445396,0.00372582254931331,0.000126391358207911
"888",0.0926679074764252,0.0265899952501059,0.327535361051559,0.0197640862315893,0.0238508973270655,0.272593289613724,0.231955990195274,0.00504250824451447,0
"889",0.309338510036469,0.025151951238513,0.295238107442856,0.00584063492715359,0.0519926957786083,0.184269726276398,0.126951649785042,0.00110839889384806,0.000108335450931918
"904",0.00554452696815133,0.00913960672914982,0.146894365549088,0.00714547326788306,0.457997769117355,0.299823015928268,0.0663977861404419,0.00698526576161385,7.22236363799311e-05
"905",0.0841536745429039,0.0162222925573587,0.308196127414703,0.00994410272687674,0.0310645326972008,0.373852223157883,0.168875277042389,0.00769181735813618,0
"906",0.35337495803833,0.0164476931095123,0.290606111288071,0.00592233799397945,0.0560633093118668,0.170740514993668,0.104724727571011,0.00197594962082803,0.000144447272759862
"907",0.157715603709221,0.016076197847724,0.297049403190613,0.0091081578284502,0.0098021337762475,0.352930665016174,0.152044072747231,0.00521961785852909,5.41677254659589e-05
"923",0.0420603938400745,0.00547424610704184,0.248142927885056,0.00294579425826669,0.220987305045128,0.393467217683792,0.0846063047647476,0.00227974238805473,3.61118181899656e-05
"924",0.154589533805847,0.0247321520000696,0.299203485250473,0.00381053215824068,0.117839805781841,0.258825927972794,0.137809425592422,0.00317114894278347,1.80559090949828e-05
"925",0.252626359462738,0.0226809587329626,0.248485073447227,0.0182975623756647,0.0086837662383914,0.228987842798233,0.177420452237129,0.0118980193510652,0.0309200063347816
"941",0.175023838877678,0.031982034444809,0.268506079912186,0.00562175130471587,0.198523059487343,0.260817229747772,0.0567995943129063,0.00263616279698908,9.02795436559245e-05
"942",0.283966809511185,0.0119689805433154,0.41986408829689,0.00156270316801965,0.00572964828461409,0.0988431870937347,0.174863934516907,0.00320067815482616,0
"943",0.342833548784256,0.0201896876096725,0.247908562421799,0.00373236369341612,0.0159798599779606,0.274397790431976,0.0903008729219437,0.00465735560283065,0
"959",0.0658644586801529,0.01782470010221,0.23786535859108,0.00885920692235231,0.282928258180618,0.263690501451492,0.115639388561249,0.00377116911113262,0.00355701404623687
"960",0.0760052800178528,0.0252404622733593,0.246457070112228,0.00759983854368329,0.304406464099884,0.298519223928452,0.040742501616478,0.000830571807455271,0.0001986150018638
"961",0.367009580135345,0.0194258950650692,0.320530503988266,0.00324602192267776,0.00562439858913422,0.110421434044838,0.166477873921394,0.00236136605963111,0.0049029178917408
"978",0.270556330680847,0.0155004831030965,0.337364435195923,0.00245505175553262,0.0708039700984955,0.151244968175888,0.151533141732216,0.000487509532831609,5.41677254659589e-05
"979",0.137496650218964,0.030667819082737,0.16750094294548,0.0105186775326729,0.341221332550049,0.281144112348557,0.0298977065831423,0.000830571807455271,0.000722236349247396
